x,y,z,mass,vx,vy,vz,radius
-10.0,0.0,10.0,10.0,0.184279,0.587188,0.2,1.0
-5.0,0.0,1.0,1.0,0.2,0.7,0.0,0.2
-14.0,0.0,4.0,4.0,0.7,0.3,0.0,0.4
10.0,0.0,-10.0,10.0,0.184279,0.587188,0.1,1.0
14.0,2.0,-1.0,3.0,0.4,0.8,0.0,0.3
12.0,0.0,2.0,2.0,-0.5,0.6,0.3,0.2
0.0,0.0,0.0,10.0,-0.368558,-1.174376,0.0,1.0
0.0,10.0,0.0,5.0,0.0,-1.174376,0.0,0.5
0.0,2.0,3.0,2.0,0.368558,1.174376,0.7,0.2
