x,y,z,mass,vx,vy,vz,radius
-1.0,0.0,0.0,1.0,0.184279,0.587188,0.0,0.1
1.0,0.0,0.0,1.0,0.184279,0.587188,0.0,0.1
0.0,0.0,0.0,1.0,-0.368558,-1.174376,0.0,0.1
